{
  "rmse": 0.04121800289785661,
  "mae": 0.027808237820863724,
  "r2": -0.011971473693847656,
  "test_samples": 236
}