{
  "rmse": 0.040447256073823455,
  "mae": 0.02838665940729104,
  "r2": 0.02419133129861395,
  "test_samples": 239
}