{
  "rmse": 0.039562687052441065,
  "mae": 0.027923431061856924,
  "r2": 0.06640588772570122,
  "test_samples": 239
}