{
  "rmse": 0.1336153105881122,
  "mae": 0.11731958268595633,
  "r2": -2.385062941851821,
  "test_samples": 238
}