{
  "rmse": 0.13354931186631783,
  "mae": 0.1172545081731739,
  "r2": -2.3817189659260385,
  "test_samples": 238
}