{
  "rmse": 0.03998705307688874,
  "mae": 0.027794747971844388,
  "r2": 0.04627022564749672,
  "train_samples": 953,
  "test_samples": 239,
  "features": [
    "Open",
    "High",
    "Low",
    "Close",
    "Volume",
    "SMA_5",
    "SMA_10",
    "SMA_20",
    "SMA_50",
    "EMA_9",
    "EMA_21",
    "Daily_Return",
    "Return_2d",
    "Return_5d",
    "Return_10d",
    "MACD",
    "MACD_Signal",
    "MACD_Hist",
    "RSI_14",
    "BB_width",
    "BB_pct",
    "ATR_14",
    "Volatility_5",
    "Volatility_10",
    "Volume_SMA_10",
    "Volume_ratio",
    "High_Low_ratio",
    "Open_Close_ratio",
    "Day_of_week",
    "Month"
  ],
  "n_features": 30,
  "base_models": [
    "xgb",
    "rf",
    "et"
  ],
  "meta_weights": {
    "xgb": 0.0,
    "rf": 0.4489940213624933,
    "et": 0.5510059786375067
  },
  "selected_model": "xgb",
  "candidate_metrics": {
    "xgb": {
      "rmse": 0.03998705307688874,
      "mae": 0.027794747971844388,
      "r2": 0.04627022564749672
    },
    "rf": {
      "rmse": 0.04088727106900672,
      "mae": 0.028609122244119767,
      "r2": 0.0028447188311339078
    },
    "et": {
      "rmse": 0.040897363867080504,
      "mae": 0.02799251350221216,
      "r2": 0.0023523734742467717
    },
    "weighted_ensemble": {
      "rmse": 0.04083435939276773,
      "mae": 0.02821551239802084,
      "r2": 0.005423859833258438
    },
    "equal_weighted_ensemble": {
      "rmse": 0.04043863326950603,
      "mae": 0.02804570259018468,
      "r2": 0.02460734519527441
    },
    "stacked_ensemble": {
      "rmse": 0.041018727369775826,
      "mae": 0.02770274278459842,
      "r2": -0.0035774786871130004
    }
  }
}