{
  "rmse": 0.03992081050169244,
  "mae": 0.0285651263552789,
  "r2": 0.04942750689141073,
  "test_samples": 239
}