{
  "rmse": 0.14392473777444242,
  "mae": 0.12273774588509596,
  "r2": -2.5145415653042797,
  "test_samples": 238
}