{
  "rmse": 0.14424249307178588,
  "mae": 0.12308088265548611,
  "r2": -2.5300772281890214,
  "test_samples": 238
}