{
  "rmse": 0.039920810501692446,
  "mae": 0.028565126355278903,
  "r2": 0.0494275068914104,
  "test_samples": 239
}