{
  "rmse": 0.039920810501692446,
  "mae": 0.02856512635527891,
  "r2": 0.04942750689141051,
  "test_samples": 239
}