{
  "rmse": 0.0413772446916823,
  "mae": 0.029972353685638137,
  "r2": -0.021197347396173294,
  "test_samples": 239
}